Users,MeanFinalAcc,StdFinalAcc
jackie,0.866169720888137,0.0411392344516246
jhony,0.772794699668884,0.0643344393211293
juan,0.843755619866507,0.0746453905178975
ryan,0.735416662693023,0.118244330926602
All users,0.815068156719208,0.087813725859359
